{
    "RMSE": 8243.503973813782,
    "MAE": 5749.0160413521,
    "R2": 0.9650240530089602
}